name,place_id,business_status,types,lat,lng
Mayadesing,ChIJM7QiSt-9b48RRgQIMwElHBA,OPERATIONAL,"clothing_store,store,point_of_interest,establishment",14.0066659,-87.1937679
Kinder Yaguacire,ChIJ7VwrrQC9b48RJgLFhWqB99c,OPERATIONAL,"school,point_of_interest,establishment",14.0129253,-87.2151887
Centro de Atención Psicológica y Daycare Approved +,ChIJreIFO8eXb48RTVzzADZYG_Y,OPERATIONAL,"school,point_of_interest,establishment",14.0433947,-87.2107898
Little Talents,ChIJR1wAX929b48R7AjxPbyMqsM,OPERATIONAL,"point_of_interest,establishment",14.0445625,-87.22139419999999
Hogar del niño Rosa Elena de Lobo,ChIJR-pgq6-9b48R7orIHf-qh8g,OPERATIONAL,"school,point_of_interest,establishment",14.0466649,-87.1647429
Cher's Learning Center and Daycare,ChIJPe6cCjS9b48RCtb1iegVueY,OPERATIONAL,"school,point_of_interest,establishment",14.0505643,-87.22945849999999
"Centro Infantil San Isidro, ACOES",ChIJRQVUSxC9b48RVCAffBpOhqM,OPERATIONAL,"school,point_of_interest,establishment",14.0508655,-87.1945868
Marlen bonilla,ChIJ9VO8at2Xb48R91KmPRCTEMs,OPERATIONAL,"school,point_of_interest,establishment",14.0542792,-87.25108209999999
Pekes,ChIJEQojV5y9b48RRkczi4oyMNk,OPERATIONAL,"clothing_store,store,point_of_interest,establishment",14.0530959,-87.23325109999999
ABC EDUCATIONAL CENTER,ChIJeVKVydKjb48R9ZHwOaUFthk,OPERATIONAL,"school,point_of_interest,establishment",14.0525605,-87.2291365
Little Tigers´ Palace,ChIJccwZ3teXb48RYCbPXzOB90s,OPERATIONAL,"point_of_interest,establishment",14.0462327,-87.22885819999999
Little Stars,ChIJQ6z3uNiXb48RaU5DQjeXoW0,OPERATIONAL,"school,point_of_interest,establishment",14.0543579,-87.22316099999999
KInder El Eden,ChIJ1ZdFUl29b48RXsl9tWeIwA4,OPERATIONAL,"school,point_of_interest,establishment",14.0548225,-87.1959866
Pekes,ChIJEQojV5y9b48RRkczi4oyMNk,OPERATIONAL,"clothing_store,point_of_interest,store,establishment",14.0530959,-87.23325109999999
Baby's House & Kids tienda de ropa niños y bebés en Tegucigalpa,ChIJtXAbotW8b48Rko-ZtbCr2mY,OPERATIONAL,"clothing_store,store,point_of_interest,establishment",14.0558855,-87.2288311
My first steps Daycare,ChIJq7WYQ9-Xb48RjKnXw333TVk,OPERATIONAL,"school,point_of_interest,establishment",14.0550223,-87.2231832
Baby's House & Kids tienda de ropa niños y bebés en Tegucigalpa,ChIJtXAbotW8b48Rko-ZtbCr2mY,OPERATIONAL,"clothing_store,point_of_interest,store,establishment",14.0558855,-87.2288311
"Centro Infantil Virgen del Pino, ACOES",ChIJ6XJjZBO9b48RzDO-yZTtLWI,OPERATIONAL,"school,point_of_interest,establishment",14.054508,-87.20041719999999
Little Kingdom,ChIJSXgp8aW9b48RJ9QwKDK15KY,CLOSED_TEMPORARILY,"point_of_interest,establishment",14.0571941,-87.1833308
LITTLE ANGELS CHRISTIAN SCHOOL,ChIJKbz3p1i9b48RlFpx971md3Q,OPERATIONAL,"school,point_of_interest,establishment",14.0551204,-87.1770727
Baby's House & Kids tienda de ropa niños y bebés en Tegucigalpa,ChIJtXAbotW8b48Rko-ZtbCr2mY,OPERATIONAL,"point_of_interest,clothing_store,store,establishment",14.0558855,-87.2288311
Pekes,ChIJEQojV5y9b48RRkczi4oyMNk,OPERATIONAL,"point_of_interest,clothing_store,store,establishment",14.0530959,-87.23325109999999
Mundo Infantil School,ChIJ_xKUg6SXb48Rg67VZyZBXb4,OPERATIONAL,"school,point_of_interest,establishment",14.0585596,-87.222802
Centro Infantil San José ACOES,ChIJW--T_QS9b48RHbxzXsj_d-A,OPERATIONAL,"school,point_of_interest,establishment",14.0596513,-87.20666399999999
Jardin de Niños Ana Joselina Fortin,ChIJu5ECQ-e8b48RHfWO1ZW0SNY,OPERATIONAL,"school,point_of_interest,establishment",14.0596991,-87.1762672
Kinder Sagrado Corazon de Jesus,ChIJQwJIiOeXb48ReNOPFjkSFak,OPERATIONAL,"school,point_of_interest,establishment",14.0611711,-87.23007249999999
Jardin de Niños Juan Guifarro Lopez,ChIJI4Me7QC9b48RgYaJGTalRho,OPERATIONAL,"school,point_of_interest,establishment",14.0573848,-87.1938752
Jardin De Niños Nueva Sociedad,ChIJ3cAh-kK9b48RVh-2eiWYwec,OPERATIONAL,"school,point_of_interest,establishment",14.0631528,-87.20988489999999
Dulce Hogar Pre-school,ChIJsdG6HeK9b48ReKlL9wWrhq4,OPERATIONAL,"school,point_of_interest,establishment",14.0631404,-87.19397959999999
Kinder María Teresa Zuniga,ChIJE0vSfoK9b48RcjRNBXBlA0w,OPERATIONAL,"school,point_of_interest,establishment",14.0652104,-87.1799769
DegusBaby,ChIJa_EdrXu9b48RnXiDiTxrHeI,OPERATIONAL,"clothing_store,store,point_of_interest,establishment",14.065049,-87.1715002
Hogar PREPACE Hatillo,ChIJjbY_Hsy9b48RLeEHVs6ylOo,OPERATIONAL,"point_of_interest,establishment",14.065049,-87.1715002
Guardería Infantil Villanueva,ChIJB7_pX1a9b48RC599_HQw7yA,OPERATIONAL,"school,point_of_interest,establishment",14.0633841,-87.1687792
Chiquitines,ChIJRSiiRzu9b48Ro8VM5fyeTww,OPERATIONAL,"clothing_store,store,point_of_interest,establishment",14.0668643,-87.1862684
Chiquitines,ChIJRSiiRzu9b48Ro8VM5fyeTww,OPERATIONAL,"clothing_store,point_of_interest,store,establishment",14.0668643,-87.1862684
Jardin de niños Catrachitos,ChIJ96BJmdu8b48RW6wHbu_-KOo,OPERATIONAL,"school,point_of_interest,establishment",14.0674421,-87.175018
Centro Infantil San Juan Bautista ACOES,ChIJPV55IMC9b48RFhQX9Dk2_jQ,OPERATIONAL,"school,point_of_interest,establishment",14.0688367,-87.2045033
Guarderia Mundo Feliz,ChIJOYNMbdi8b48RZ9yCBQBv-ms,OPERATIONAL,"school,point_of_interest,establishment",14.0707504,-87.18149059999999
jardin de niños 10 de septiembre,ChIJ0cp2VNa9b48R52tHMBq6HAg,OPERATIONAL,"school,point_of_interest,establishment",14.065049,-87.1715002
Centro Comunitario Educativo Oasis de Amor,ChIJreimv5S9b48RCoMyXE8-u4Y,OPERATIONAL,"school,point_of_interest,establishment",14.0687012,-87.14736189999999
Kinder Nueva Suayapa,ChIJ_epUfwC9b48Rd02n39xx8Vw,OPERATIONAL,"school,point_of_interest,establishment",14.069099,-87.1477462
"Centro Infantil Virgen del Valle, ACOES",ChIJ32dgg0-9b48RnftQr1hOEm4,OPERATIONAL,"school,point_of_interest,establishment",14.0731293,-87.20984159999999
JARDIN Y ESCUELA BILINGUE SMART KIDS,ChIJZ9dkNM69b48Re5XdBlfxyno,OPERATIONAL,"school,point_of_interest,establishment",14.071385,-87.20903659999999
Guarderia Jerusalen,ChIJS0pnUUm9b48RAP5vSNDb7rQ,OPERATIONAL,"school,point_of_interest,establishment",14.0730785,-87.155453
Kinder emanuel,ChIJR7mPWM6Xb48RxZCqZP77GVw,OPERATIONAL,"school,point_of_interest,establishment",14.073355,-87.22514799999999
Sociedad Amigos De Los Niños,ChIJ____LzC9b48RJ1YmXVQx2X0,OPERATIONAL,"school,point_of_interest,establishment",14.0744859,-87.19275580000001
Chiquitines,ChIJRSiiRzu9b48Ro8VM5fyeTww,OPERATIONAL,"point_of_interest,clothing_store,store,establishment",14.0668643,-87.1862684
"Jardín Escuela, Círculo Infantil",ChIJxz0Pms-8b48RiTtPyLnVp1Y,OPERATIONAL,"school,point_of_interest,establishment",14.0730278,-87.1703744
Guarderia Buen Samaritano,ChIJ2dn5umG9b48RzAfdAk90Mhw,OPERATIONAL,"school,point_of_interest,establishment",14.0761808,-87.1545313
kinder Monserrath,ChIJEeZmHmu9b48RmXSyvnyYK3o,OPERATIONAL,"school,point_of_interest,establishment",14.076182,-87.15666569999999
Asociación Compartir Nueva Suyapa,ChIJ067_GDu9b48RXZLbupcxhIA,OPERATIONAL,"school,point_of_interest,establishment",14.0762874,-87.15203679999999
Guardería San Bosco,ChIJc1kRLq68b48RaZ0OyDerqcs,OPERATIONAL,"school,point_of_interest,establishment",14.0752681,-87.1516469
Jardín de Niños Nueva Suyapa,ChIJVc_MXaq9b48R7QWxgYebfko,OPERATIONAL,"school,point_of_interest,establishment",14.075985,-87.14965169999999
Centro de Cuidado infantil San Francisco,ChIJQbNTzr2Xb48R5jnRuAg5GAU,OPERATIONAL,"school,point_of_interest,establishment",14.0768097,-87.2285691
Jardin de Niños El Eden,ChIJYXm4LQeXb48RAy5QiVZCSGI,OPERATIONAL,"point_of_interest,establishment",14.0770584,-87.2259539
Happy Land School,ChIJ1fNTiPSXb48RyBhI_lDM3xw,OPERATIONAL,"school,point_of_interest,establishment",14.0792739,-87.2394412
CEPBG ANGEL ZUNIGA HUETE,ChIJpdj1zLGXb48RcaRuyxpR_Lk,OPERATIONAL,"school,point_of_interest,establishment",14.0739346,-87.2339569
"Colonia San Francisco, Child Daycare No. 10",ChIJZwEysBWXb48RPFkZ4qJQDLM,OPERATIONAL,"school,point_of_interest,establishment",14.0804674,-87.2288623
Honduras,ChIJnwfadACXb48RJx_BdQEGmVg,OPERATIONAL,"school,point_of_interest,establishment",14.0741825,-87.2332402
Baby Genius,ChIJf8CDCUG9b48RRaBxYn9CAgM,OPERATIONAL,"school,point_of_interest,establishment",14.0808743,-87.2067419
Centro de Educación Básica El Japón,ChIJqYbumy29b48Rz1ExAhkwC18,OPERATIONAL,"school,point_of_interest,establishment",14.0807579,-87.1909428
My Dream Daycare,ChIJ85v-0O29b48R23SCYil7zR8,OPERATIONAL,"point_of_interest,establishment",14.0802745,-87.18665080000001
Pequeños Gigantes Daycare,ChIJ43rsfCe9b48RBRYV5od-7hs,OPERATIONAL,"school,point_of_interest,establishment",14.081678,-87.18140620000001
HUELLITAS,ChIJG22mOX69b48REV2pMSSFpjg,OPERATIONAL,"school,point_of_interest,establishment",14.0791785,-87.17814299999999
Jardin de Niños Monseñor Jacobo Caceres,ChIJK8oaprO8b48Rh0Uh9gEEwsE,OPERATIONAL,"school,point_of_interest,establishment",14.0799657,-87.15557989999999
Baby & Kids Campus Daycare,ChIJzadKMgC9b48RtcHsa8PhkiU,OPERATIONAL,"point_of_interest,establishment",14.0826675,-87.17800539999999
Happy Faces,ChIJbTjAp9S8b48RcAkBjBivndU,OPERATIONAL,"school,point_of_interest,establishment",14.0828823,-87.1771863
Centro de Educación Prebásica Sociedad Amigos de los Niños,ChIJIWisQfejb48RiiOg1ijl9fM,OPERATIONAL,"school,point_of_interest,establishment",14.0858457,-87.2125264
Centro infantil San Juan Bautista,ChIJFx39BoOjb48R1R5jzQ0vxH0,OPERATIONAL,"school,point_of_interest,establishment",14.0870998,-87.2026339
Brightstars Daycare & Preschool,ChIJtTKGZW6jb48RkkEwXhsgGTQ,OPERATIONAL,"point_of_interest,establishment",14.0849966,-87.1972436
Jardín Y Escuela Para Niños Sordos Manos Felices,ChIJi78Elcyib48RghrTk0Pnejk,OPERATIONAL,"school,point_of_interest,establishment",14.0854356,-87.19604029999999
Chiccolandia,ChIJuchxJtSib48RHdECDhtQZdA,OPERATIONAL,"clothing_store,point_of_interest,store,establishment",14.0893022,-87.1854664
Chiccolandia,ChIJuchxJtSib48RHdECDhtQZdA,OPERATIONAL,"clothing_store,store,point_of_interest,establishment",14.0893022,-87.1854664
Little Wonder HN,ChIJK35Ic_yjb48Resm33GnKNDQ,OPERATIONAL,"clothing_store,point_of_interest,store,establishment",14.0880792,-87.1829886
Hogar de Niños BAIK de Tegucigalpa,ChIJ-ROElSyYb48RIrAeZJV25Fw,OPERATIONAL,"school,point_of_interest,establishment",14.0917367,-87.260547
Kinder,ChIJs2t4aNeZb48Ri0EKKJ1BvTg,OPERATIONAL,"school,point_of_interest,establishment",14.0901124,-87.2485822
Centro educativo,ChIJV9Q4GFmZb48RznlVyrNatho,OPERATIONAL,"point_of_interest,establishment",14.0920506,-87.2223522
Escuela Mundo Feliz,ChIJMYDofrGib48RGrKXc00b8B4,OPERATIONAL,"school,point_of_interest,establishment",14.0901309,-87.20942509999999
Mimos Club Day care - Nursery - Preschool,ChIJJz4wZ2Kjb48ROBuxwewrx-8,OPERATIONAL,"point_of_interest,establishment",14.0915506,-87.1932692
Mind Gym Preschool,ChIJNd2jcJWjb48R66VW1iviTU8,OPERATIONAL,"school,point_of_interest,establishment",14.0923539,-87.1839955
Little Wonder HN,ChIJK35Ic_yjb48Resm33GnKNDQ,OPERATIONAL,"clothing_store,store,point_of_interest,establishment",14.0880792,-87.1829886
Jardín experimental UNAH,ChIJ99nDRf6jb48Ralx7lXUFOw0,OPERATIONAL,"school,point_of_interest,establishment",14.0846099,-87.16208569999999
Centro de Educación Prebásica Gubernamental “Las Americas”,ChIJS3LUVnKZb48R8zU8hDgaKlU,OPERATIONAL,"school,point_of_interest,establishment",14.0928172,-87.24379549999999
Kinder Centroamerica,ChIJAQBAXBuYb48R1ukE-Yw4lfM,OPERATIONAL,"school,point_of_interest,establishment",14.0906165,-87.2328762
Kinder,ChIJ_UZlWiKjb48R2CBZ2XByesU,OPERATIONAL,"school,point_of_interest,establishment",14.0909771,-87.20869669999999
Fundación Talentos,ChIJ63dvIN2jb48RsYUnrNtBndQ,OPERATIONAL,"point_of_interest,establishment",14.0940348,-87.19622460000001
Active Education Center,ChIJPRLcitqXb48RUB3yBGo4cAs,OPERATIONAL,"school,point_of_interest,establishment",14.0948231,-87.1947854
Playhouse,ChIJs1W1Cymjb48RVUFad-3kYXs,OPERATIONAL,"school,point_of_interest,establishment",14.0942752,-87.19183749999999
CEPBG Mundo Infantil,ChIJDwpnvr-Zb48RDrt0OdYv5nQ,OPERATIONAL,"school,point_of_interest,establishment",14.0976146,-87.24941899999999
Jardin De Niños Concepción Amador,ChIJr4Auow-Yb48RZhS6U42AFVU,OPERATIONAL,"school,point_of_interest,establishment",14.0979782,-87.2288794
Casa Hogar Rodas,ChIJueKRKQCjb48RIlcTaTURvw0,OPERATIONAL,"school,point_of_interest,establishment",14.0975138,-87.2171497
Centro de cuidado infantil Modelo (CCI MODELO),ChIJDe2W10ijb48Ris96gVIFdtY,OPERATIONAL,"school,point_of_interest,establishment",14.0976335,-87.2074081
Kinder El Carmen,ChIJ_QExt3yjb48RY2ud_fYMbDA,OPERATIONAL,"school,point_of_interest,establishment",14.0979866,-87.19956529999999
"Kinder ""Estrellitas del Mañana""",ChIJLXRb05mlb48R-Ag4H6OAZ6I,OPERATIONAL,"school,point_of_interest,establishment",14.0959389,-87.13735369999999
instituto Huellas de vida,ChIJJUAH4i6Zb48R_PC-sFt1_F8,OPERATIONAL,"school,point_of_interest,establishment",14.0910185,-87.2550808
CEPBG NUEVO AMANECER,ChIJhzkwkGGZb48RcVDGUiMJvaY,OPERATIONAL,"school,point_of_interest,establishment",14.0994342,-87.24184040000002
Kinder oficial las crucitas,ChIJaRzW1bKjb48RO2i3_h3wbb0,OPERATIONAL,"school,point_of_interest,establishment",14.0987904,-87.2173686
"Jardin de Niños Enriqueta de Lázarus, La Isla",ChIJO6hs59mjb48R7dwuD4jZ_Dk,OPERATIONAL,"school,point_of_interest,establishment",14.100252,-87.2049862
Centro de Estimulación para el Niño,ChIJzbjEiyejb48RuuIcL9xkwbM,OPERATIONAL,"school,point_of_interest,establishment",14.0982723,-87.1943277
Bricks 4 Kidz Tegucigalpa,ChIJaZGmSKqjb48R7eYOPJ-k-dU,OPERATIONAL,"point_of_interest,establishment",14.0964249,-87.18535059999999
CEPB MANOS EXTENDIDAS #2,ChIJiRWSCzKZb48RjlzkWa8SeFQ,OPERATIONAL,"school,point_of_interest,establishment",14.1014175,-87.2555418
CEPBG Fantasías Infantiles,ChIJR5y-XEmZb48RJ8q5Sqm99AI,OPERATIONAL,"school,point_of_interest,establishment",14.1021798,-87.2521441
CCEPREB JIREH,ChIJI62LuZ-Zb48RJXMP9oNt2JE,OPERATIONAL,"school,point_of_interest,establishment",14.1026731,-87.2499896
Kinder Union y Esfuerzo,ChIJj2TQ8x6Zb48R_Q0K_oow9RY,OPERATIONAL,"school,point_of_interest,establishment",14.1015546,-87.245318
Jardín de niños Camara Junior N1,ChIJrQkP6eeZb48RZnPeDftkdic,OPERATIONAL,"school,point_of_interest,establishment",14.1017437,-87.23574839999999
CCEPREB ¨UN PUEBLO UNICO ¨,ChIJs3oMPr6Zb48RF1zsVwgSHbI,OPERATIONAL,"school,point_of_interest,establishment",14.1019295,-87.2306462
CAIPI,ChIJL_9xZACjb48Rom63eGu8VIk,OPERATIONAL,"point_of_interest,establishment",14.1023781,-87.2066992
Jardín Nacional Comayagüela,ChIJ1wuhq8Kjb48RUmldq_tl5Ek,OPERATIONAL,"school,point_of_interest,establishment",14.1021373,-87.2112748
ABC EDUCARE,ChIJUfBD1t-jb48RafFWIlO9O0Q,OPERATIONAL,"point_of_interest,establishment",14.101303,-87.1926249
Macris Play and Learn,ChIJjWdkccOib48RR1YnE2qe2L4,OPERATIONAL,"school,point_of_interest,establishment",14.1023743,-87.1941876
Integrity Academy Palmira,ChIJPUnMMACjb48RS3Cgl_hjnYg,OPERATIONAL,"school,point_of_interest,establishment",14.10109,-87.19268029999999
Centro Educativo ELIENAI,ChIJXwxIMDujb48Rio7Wy0MFu2A,OPERATIONAL,"school,point_of_interest,establishment",14.0993098,-87.1606326
Guardería FEMORZA,ChIJTdo5Rxijb48RyuU4j4NzT1A,OPERATIONAL,"school,point_of_interest,establishment",14.1023572,-87.14238189999999
Jardin Escuela E Instituto Children's Village School,ChIJFapxzjiYb48R34Ddo8Y4yZo,OPERATIONAL,"school,point_of_interest,establishment",14.1056974,-87.2472954
"Centro educativo Prebasica ""Dulce Amanecer"" Comayaguela",ChIJQxBxIyuZb48Rl_UbOk1Wz8s,OPERATIONAL,"school,point_of_interest,establishment",14.1061237,-87.2404644
"Centro de Educacion Prebasica"" Dulce Amanecer""",ChIJOVdkUjuZb48RpEp1gHVnWUA,OPERATIONAL,"school,point_of_interest,establishment",14.1054956,-87.23269789999999
Kinder San Martin,ChIJi2cOg8Kjb48RzmRY7KzwHpU,OPERATIONAL,"school,point_of_interest,establishment",14.1039407,-87.2177588
Acai,ChIJmRfOyuOjb48RD17TxDeq00I,OPERATIONAL,"point_of_interest,establishment",14.1059713,-87.1832763
Jardin de Niños Cipriana Alvarado,ChIJbf0_OqCib48R2zZgWhqaNNI,OPERATIONAL,"school,point_of_interest,establishment",14.1064116,-87.2202298
Jardin de niños Paca Viuda De Lardizabal,ChIJp8Io-aOib48RdD29suPgNtk,OPERATIONAL,"school,point_of_interest,establishment",14.1017399,-87.21665399999999
ChildFund Honduras,ChIJmRli0d2ib48Rb6CNR01mCGQ,OPERATIONAL,"point_of_interest,establishment",14.1058014,-87.1869394
Escuela Fantasías Infantiles,ChIJU93Ep0Kjb48RdxnQF1ACmnU,OPERATIONAL,"school,point_of_interest,establishment",14.1065443,-87.15290929999999
kinder El carrizal nº 2,ChIJ1zu9q4GZb48RsdDR4X8p5ns,OPERATIONAL,"point_of_interest,establishment",14.1022818,-87.2395011
Kinder Norma Funez,ChIJ9Sgi_XSYb48R2-SrtysldU4,OPERATIONAL,"school,point_of_interest,establishment",14.1097501,-87.2245516
Kinder Hildergard,ChIJz7wXtpWib48RqGT5J_vFoqQ,OPERATIONAL,"school,point_of_interest,establishment",14.1096889,-87.20574289999999
Institito Hildegard,ChIJh-jMTJSib48RHzXuuTf6SkI,OPERATIONAL,"school,point_of_interest,establishment",14.1101515,-87.2054182
El Materno todo para bebés y abuelitos El Centro 1,ChIJvWK3qyKjb48R_QNaWz-gEyk,OPERATIONAL,"clothing_store,store,point_of_interest,establishment",14.1069165,-87.20470929999999
Jardin de niños juan almendares,ChIJwy4auIKjb48Rfnb4NkcDwvc,OPERATIONAL,"school,point_of_interest,establishment",14.1091064,-87.1900929
Unicef Honduras,ChIJPVpQatyib48RL6g99HWNhRU,OPERATIONAL,"point_of_interest,establishment",14.102434,-87.1889356
Escuela,ChIJ7VWif6ujb48Rcn2f_5dRWe4,OPERATIONAL,"school,point_of_interest,establishment",14.1073888,-87.1890305
CasaTegus,ChIJ5wSeeQCjb48RLk4TSRvxSiw,OPERATIONAL,"school,point_of_interest,establishment",14.1059824,-87.19517429999999
Jardin de Niños Y Niñas,ChIJE65nR2ajb48RpjTe0s6iu1Y,OPERATIONAL,"school,point_of_interest,establishment",14.1104961,-87.1509438
Kinder de niños Alejandrina Bermudes,ChIJeV5EBjeZb48RLWocNUrJicA,OPERATIONAL,"school,point_of_interest,establishment",14.1121852,-87.2417287
Centro de desarrollo Santa Mónica,ChIJW21rUgOZb48REqG3RatkUsI,OPERATIONAL,"point_of_interest,establishment",14.1134188,-87.234934
"Centro Infantil Santa Mónica, ACOES",ChIJITV0H9mZb48Rh6_ZswyfgAs,OPERATIONAL,"school,point_of_interest,establishment",14.1137531,-87.2315912
Kinder de Niños de Jesús,ChIJe979G52Zb48R34NnYuBiGWI,OPERATIONAL,"school,point_of_interest,establishment",14.1126636,-87.23756449999999
Jardín de Niños Mundo Maravilloso,ChIJG4iXrHSjb48Ru0p7HXU3nEs,OPERATIONAL,"school,point_of_interest,establishment",14.1131685,-87.21040459999999
Kinder Amigos De America,ChIJQ7nJHOyib48R1FH2qSN3zN4,OPERATIONAL,"school,point_of_interest,establishment",14.1134134,-87.1979465
"Jardín de Niños ""San Vicente de Paúl""",ChIJ50AFk-ejb48RXC5FjIUUT-A,OPERATIONAL,"school,point_of_interest,establishment",14.1145296,-87.20147109999999
Anexo Nashville Pre School #3,ChIJb9hyKa6jb48RHvLLAt0hYoI,OPERATIONAL,"school,point_of_interest,establishment",14.1169451,-87.1996911
Chiquitines Daycare,ChIJA4hWHGujb48R1ix6t7aKUfM,OPERATIONAL,"point_of_interest,establishment",14.1179837,-87.22141690000001
Kindergarten Cerro Grande,ChIJmYAzq3eYb48ROCBlPgYoAZc,OPERATIONAL,"school,point_of_interest,establishment",14.1161706,-87.22426709999999
Pagoda School Children,ChIJJYvgwHmYb48RsCnJHJOmSuE,OPERATIONAL,"school,point_of_interest,establishment",14.1203135,-87.2255244
CCEPREB Abejitas del Carmen,ChIJRzncimSjb48RuD2BCMhdKM4,OPERATIONAL,"school,point_of_interest,establishment",14.1197545,-87.188886
CEP Marina Tercero Gómez,ChIJPVtLTZGZb48RH-EfttNFu40,OPERATIONAL,"school,point_of_interest,establishment",14.1243198,-87.229826
La. Casa del sabueso,ChIJnfmmbgCXb48RjncTyp0akSQ,OPERATIONAL,"point_of_interest,establishment",14.013222,-87.230018
School October 3,ChIJ-bJirba9b48RNCTQZW2VP_A,OPERATIONAL,"primary_school,school,point_of_interest,establishment",14.0197183,-87.1879684
Centroamerican Bilingual School,ChIJAbYweS-jb48R412TBuNKeXA,OPERATIONAL,"point_of_interest,establishment",14.0388081,-87.2312982
Parque infantil,ChIJD5nQJr-Xb48Rb77uRywm1wE,OPERATIONAL,"point_of_interest,establishment",14.0387728,-87.22805129999999
CEPB José Rivera Paz,ChIJ7z8IbAC9b48RzAxkO9PfiuA,OPERATIONAL,"school,point_of_interest,establishment",14.0392464,-87.1678709
4Paws,ChIJu-GIXzKXb48R8mQAHz7mPPU,OPERATIONAL,"point_of_interest,establishment",14.0413758,-87.2385176
Jardin De Niños Jesus Aguilar Paz,ChIJu_uveHS9b48R-GiZtCtIiCY,OPERATIONAL,"school,point_of_interest,establishment",14.0433971,-87.2049042
Shadai school,ChIJ8ShdfAC9b48R1AhhrzZ3tUA,OPERATIONAL,"school,point_of_interest,establishment",14.033695,-87.2059774
La Estancia School,ChIJy2R8G72Xb48R88Hb_zVVfCE,OPERATIONAL,"point_of_interest,establishment",14.0584112,-87.24918679999999
Oleander School,ChIJFcoh8--8b48Rxoy7kLivcfg,OPERATIONAL,"school,point_of_interest,establishment",14.050265,-87.1717816
ESCUELA WESTMONT,ChIJ-4UjbzG9b48RwwOAt-TE69Q,OPERATIONAL,"school,point_of_interest,establishment",14.0506892,-87.196011
CEPB María Mercedes Sierra,ChIJL1YVZMC8b48R9QUyZkR4omk,OPERATIONAL,"school,point_of_interest,establishment",14.0627296,-87.163161
Escuela Miguel Morazán,ChIJYTVmhkGXb48RcsAov6yxQo0,OPERATIONAL,"school,point_of_interest,establishment",14.0672079,-87.28370939999999
Eagles Nest,ChIJP34vWlO9b48RtvuYpWYW-t4,OPERATIONAL,"school,point_of_interest,establishment",14.0638523,-87.20419489999999
Escuela Mixta Guaymuras,ChIJAVrTcdy8b48R7ZLYwU6Ne1Y,OPERATIONAL,"school,point_of_interest,establishment",14.0655541,-87.17522939999999
Escuela Little Brains Nursery & Preschool,ChIJQW3_b6C9b48RLlulF5o9_vA,OPERATIONAL,"school,point_of_interest,establishment",14.065049,-87.1715002
CEPBG NUEVA JERUSALEN,ChIJ69OSyj69b48RECjGCItM9jg,OPERATIONAL,"school,point_of_interest,establishment",14.065049,-87.1715002
PREBASICA MARY F. FLORES,ChIJQxcpwaO9b48RMws-DBR27RE,OPERATIONAL,"school,point_of_interest,establishment",14.065049,-87.1715002
Kinder 19 de Septiembre,ChIJi-2Ewu-Xb48RosCJ1Os48Cw,OPERATIONAL,"primary_school,school,point_of_interest,establishment",14.0716558,-87.23432299999999
CEPBG FLOR DEL CAMPO,ChIJkfv8eUWXb48R-b0g46xwN1g,OPERATIONAL,"school,point_of_interest,establishment",14.0715011,-87.2226211
ITGIN SCHOOL,ChIJAQAAsFm9b48ROeN3Dh-lZno,OPERATIONAL,"secondary_school,school,point_of_interest,establishment",14.0692898,-87.21714519999999
Kinder Rosa Elena De Lobo,ChIJTc2Ht_OXb48RfYl9Z02Fm_8,OPERATIONAL,"school,point_of_interest,establishment",14.0765109,-87.2383289
Escuela Reino de Los Países Bajos,ChIJO-2PXDq9b48RXR9d38IjXtE,OPERATIONAL,"primary_school,school,point_of_interest,establishment",14.0705714,-87.1951667
Liceo Nuevo Siglo,ChIJL5EE9Bq9b48RdIP--TqLvu0,OPERATIONAL,"school,point_of_interest,establishment",14.0728837,-87.1703734
Jardin De Niños Los Laureles,ChIJO3QtQQ-Xb48R1CgJJSM8lLQ,OPERATIONAL,"school,point_of_interest,establishment",14.0736767,-87.2304834
CEPBG ELENA AMADOR,ChIJoWR-AUyXb48R67ZA-72K78M,OPERATIONAL,"school,point_of_interest,establishment",14.0807907,-87.22870379999999
Escuela Los Corderito De Dios,ChIJKd7aweSXb48RnpvlI4LtPQo,OPERATIONAL,"school,point_of_interest,establishment",14.0712843,-87.2285067
Centro Educativo Príncipe de Asturias,ChIJTZwEGfyXb48R5djksf_VDYE,OPERATIONAL,"point_of_interest,establishment",14.0779265,-87.22602700000002
"The Doghouse hn, Tegucigalpa, Honduras",ChIJW0W4_gq9b48RG-tI4Agkrt4,OPERATIONAL,"point_of_interest,establishment",14.0792497,-87.1957876
Jardín de Niños Amílcar Rivera Calderón,ChIJR32CfSq9b48Ryc36Yn_UcI8,OPERATIONAL,"school,point_of_interest,establishment",14.0808337,-87.1826358
ESCUELA ELLIOTT DOVER,ChIJvaeGd4uXb48RxqX9zBZlbKw,OPERATIONAL,"school,point_of_interest,establishment",14.0794526,-87.24433230000001
Eagle Wings School Humuya,ChIJDbitscqib48R0FuivRDCFS4,OPERATIONAL,"school,point_of_interest,establishment",14.0845269,-87.20139970000001
Better Children School,ChIJRz8ApGe9b48RStVZjkNCRD4,OPERATIONAL,"school,point_of_interest,establishment",14.0839813,-87.19371989999999
Kínder Roberto Acosta,ChIJFxwJtc-8b48Rj-FjCwY1JFw,OPERATIONAL,"school,point_of_interest,establishment",14.0748565,-87.17093489999999
Jardin de Niños Lourdes Monserrat N°2,ChIJx_mWF2ajb48RgHlu8Kw-L_4,OPERATIONAL,"school,point_of_interest,establishment",14.0882885,-87.2167991
Mascota,ChIJ95rLluKlb48RloRqB42z800,OPERATIONAL,"park,restaurant,food,point_of_interest,establishment",14.0853835,-87.205303
Escuela experimental unah,ChIJ2Z-5ORmjb48RkY0HcvN4LrE,OPERATIONAL,"school,point_of_interest,establishment",14.0863131,-87.1669107
Basic Education Center Americas,ChIJyWFO8yGYb48Ra_l5_fNP13Q,OPERATIONAL,"school,point_of_interest,establishment",14.0897762,-87.243162
Escuela honduras,ChIJuUWcIdyZb48RESenIWU62Jw,OPERATIONAL,"point_of_interest,establishment",14.0964955,-87.254128
ELEMENTARY SCHOOL REPUBLIC OF HONDURAS NO. 2,ChIJAQAAEDCYb48RpHMDnsq_aSY,OPERATIONAL,"school,point_of_interest,establishment",14.0956668,-87.25247019999999
"Jardín Escuela e Instituto Evangélico ""Gran Estrella""",ChIJQ6tlrDyYb48R6p_SkueEJWw,OPERATIONAL,"school,point_of_interest,establishment",14.096318,-87.2465326
Centro Educativo Peniel,ChIJY0hoGReZb48Rv2q3HpLl8wM,OPERATIONAL,"school,point_of_interest,establishment",14.0982945,-87.23028339999999
Pet Haus,ChIJ-SVk6Bejb48RkjMDnIegSws,OPERATIONAL,"veterinary_care,point_of_interest,establishment",14.0915959,-87.1951991
CEPBG Saúl Zelaya Jiménez,ChIJxdqK0ACjb48RPggkZkifQng,OPERATIONAL,"school,point_of_interest,establishment",14.0981975,-87.1651639
Beginnings Christian Academy,ChIJ-3hXpU2jb48RNTuc6Xwv28w,OPERATIONAL,"school,point_of_interest,establishment",14.0869224,-87.1536472
Mi Pequeño Principiante School,ChIJA6pXWACZb48R52RFJrWdf1M,OPERATIONAL,"secondary_school,school,point_of_interest,establishment",14.1006786,-87.251544
Centro de Educación Prebasica Marco Tulio Cruz No. 1,ChIJ84is9BaZb48RF4WPnXYhOZE,OPERATIONAL,"school,point_of_interest,establishment",14.0996189,-87.2350991
"Jardín y Escuela Unión, Esfuerzo y Democracia",ChIJxbvBtxGYb48R2sssumv9JCc,OPERATIONAL,"school,point_of_interest,establishment",14.0993575,-87.23329749999999
C.E.P.B.G Norma Regina Gaborit de Callejas,ChIJkx63k-mZb48RusGDezXqpNo,OPERATIONAL,"school,point_of_interest,establishment",14.1021709,-87.2334369
Arco Iris School,ChIJr3RYmwSYb48RlUl0R_yZDRo,OPERATIONAL,"school,point_of_interest,establishment",14.0906691,-87.2299613
C.E.P.B. José Maria Sandoval,ChIJL0rEtmCZb48Rzqd_6JB4jBI,OPERATIONAL,"school,point_of_interest,establishment",14.1006663,-87.2223178
Centro de Educación Prebásica Gubernamental Nacional,ChIJSbaOyKajb48RFHQXTHsrJTw,OPERATIONAL,"school,point_of_interest,establishment",14.1011919,-87.2079459
CEPBG Nacional,ChIJrRVUiTWjb48RzLh7cyokaw8,OPERATIONAL,"school,point_of_interest,establishment",14.1017301,-87.2077685
"Escuela de Niñas ""República de Argentina""",ChIJIU11naGjb48R6C1D6nCB0Yk,OPERATIONAL,"school,point_of_interest,establishment",14.0978589,-87.20939349999999
Centro Educativo Municipal Arco Iris,ChIJ6wDFiyOjb48RqH5UTmZwq7E,OPERATIONAL,"school,point_of_interest,establishment",14.1014473,-87.1755833
CEPBU GENERACIÓN 2000,ChIJxds63DKZb48RuTpB-tnCBP8,OPERATIONAL,"school,point_of_interest,establishment",14.1046759,-87.2562134
Jardín de Niños Vista Hermosa,ChIJqQDqt8SZb48R63dpnc9nc9I,OPERATIONAL,"school,point_of_interest,establishment",14.103986,-87.2436336
PREBASICA MARY F. FLORES,ChIJsV0-lFmZb48ROMCxcd46_EA,OPERATIONAL,"school,point_of_interest,establishment",14.1054956,-87.23269789999999
Centro Educativo No Gubernamental Jesucristo Reina,ChIJOU-DZwCZb48ReeTq50TSTcQ,OPERATIONAL,"school,point_of_interest,establishment",14.1019327,-87.2306528
Centro Municipal San Isidro,ChIJ7UXSQ8Ojb48RzDkUM-ctlBY,OPERATIONAL,"school,point_of_interest,establishment",14.1074335,-87.20933319999999
Aguas Ocaña Christian School,ChIJS6XVvrWjb48R71BgpqkaakU,OPERATIONAL,"point_of_interest,establishment",14.1072864,-87.20672669999999
"Jardin, Escuela e Instituto America",ChIJu-3PV76ib48RiAevrpf_URw,OPERATIONAL,"school,point_of_interest,establishment",14.1043602,-87.2050723
IHCI Bilingual School Anexo,ChIJHzRV-bajb48RbIeutb4nEHU,OPERATIONAL,"school,point_of_interest,establishment",14.1052675,-87.1907061
Kinder Jose Peniel,ChIJd5JvO0-Zb48ReDrYwHccuuY,OPERATIONAL,"school,point_of_interest,establishment",14.1121397,-87.2321249
Escuela Desarrollo Juvenil,ChIJCy9F6W2Yb48RUN3pcO8QO2w,OPERATIONAL,"school,point_of_interest,establishment",14.1124409,-87.2329481
Escuela Nuevos Horizontes,ChIJHZJuY3SYb48ROx4J84Xpqoo,OPERATIONAL,"primary_school,school,point_of_interest,establishment",14.1107098,-87.22631390000001
Jardín de Niños y Escuela Privada Dr. Ramón Rosa,ChIJq2cug5Wib48RYnJiz8dhpzk,OPERATIONAL,"school,point_of_interest,establishment",14.1079314,-87.2048506
Colonia nuevos horizontes,ChIJY_SnFECYb48RguoZftWqCGU,OPERATIONAL,"school,point_of_interest,establishment",14.1088355,-87.2432991
Jardin Enmanuel,ChIJmQ-ti-Kib48RaH441KsYBK8,OPERATIONAL,"school,point_of_interest,establishment",14.1159318,-87.1832276
Cerro Grande School Zone 2,ChIJHas7SnaYb48Rnjp9vEFJ_EY,OPERATIONAL,"school,point_of_interest,establishment",14.1157947,-87.2235195
INSTALACIONES EDUCATODOS,ChIJqUz7OPCib48R7eaijX7gFTc,OPERATIONAL,"school,point_of_interest,establishment",14.1200718,-87.19386349999999
Liceo Mentes Brillantes,ChIJOULX0E-jb48RrE7TLj_bxyA,OPERATIONAL,"school,point_of_interest,establishment",14.120196,-87.1858453
CEPBG Dr. Armando Euceda,ChIJrd2f9RiZb48RXAG4rww24cY,OPERATIONAL,"school,point_of_interest,establishment",14.1348071,-87.2588542
Ciudad del niño Dereck Emmanuel,ChIJYS9Aod27b48RCrjOYX8sruI,OPERATIONAL,"school,point_of_interest,establishment",14.0312101,-87.1347322
Centro de Educación Prebásica y Escuela Dr. Enrique Aguilar Paz,ChIJx5AIiHO9b48R-h5D0hJglUg,OPERATIONAL,"school,point_of_interest,establishment",14.0434655,-87.2051919
loarque Garden,ChIJ21JtI8a9b48Ra5dgtFJ59aQ,OPERATIONAL,"park,point_of_interest,establishment",14.0421102,-87.21021859999999
Kinder José Héctor Pavón,ChIJmdlWqBO9b48RNdgRO0YcUrc,OPERATIONAL,"university,point_of_interest,establishment",14.0526284,-87.1994694
KINDERGARTEN San José de la Peña,ChIJx3NWS2u9b48RUpHWqt4Ce5Q,OPERATIONAL,"school,point_of_interest,establishment",14.0562066,-87.2021353
Kinder Dr. Jorge Roberto Maradiaga,ChIJ6-WoC2i9b48RaORUsm4MpYM,OPERATIONAL,"school,point_of_interest,establishment",14.0596515,-87.21187259999999
Noans Garden,ChIJeYG-RP69b48RYcSSoROGXMc,OPERATIONAL,"point_of_interest,establishment",14.0625948,-87.1878004
Kinder Fuente de Jacob,ChIJ0Vj7boq9b48RmrbY_aw1A5E,OPERATIONAL,"school,point_of_interest,establishment",14.0612622,-87.16140039999999
Jardin San José de la Vega,ChIJhdtRglC9b48Rvr7U00OoKT8,OPERATIONAL,"school,point_of_interest,establishment",14.0640354,-87.1997238
Kinder Mary Flakes de Flores,ChIJqwKFLBa9b48RIfk9wERRhhE,OPERATIONAL,"school,point_of_interest,establishment",14.065049,-87.1715002
Jardín Miriam Judith Gallardo,ChIJ4WuBe8G8b48RUh9dkjn-guM,OPERATIONAL,"school,point_of_interest,establishment",14.0638161,-87.1668814
Jardín de toncoti,ChIJNdvoKgC9b48R9zffTot0O74,OPERATIONAL,"school,point_of_interest,establishment",14.0704986,-87.2118914
John F. Kennedy Elementary School,ChIJcw-_v9i8b48R-n7c8EudEWM,OPERATIONAL,"school,point_of_interest,establishment",14.067365,-87.18058769999999
Parque Infantil Jardines de Miraflores,ChIJlX2v3i-9b48Rtc5KMsZLqok,OPERATIONAL,"point_of_interest,establishment",14.0751614,-87.1923169
Kindergarten Sandra Quiroz Lamb,ChIJtWyrQfeXb48RE6oVEmOA3aQ,OPERATIONAL,"school,point_of_interest,establishment",14.0798215,-87.233059
"Jardín, Escuela E Instituto Evangelico Jehová Nissi",ChIJQXVF5oqXb48RhYBMAH3owas,OPERATIONAL,"school,point_of_interest,establishment",14.0821879,-87.2433391
Jardín de niños Lourdes Monserrat,ChIJY-zP--2jb48RpNfByppTTHI,OPERATIONAL,"school,point_of_interest,establishment",14.0891022,-87.215223
Jardin De Niños Rosinda Mondragon,ChIJqTSlDaiib48Rr86V-zODn_U,OPERATIONAL,"school,point_of_interest,establishment",14.0951788,-87.2209388
"Jardin De Niños ""La Cosecha""",ChIJeV858aWib48RbNezbRHkCek,OPERATIONAL,"school,point_of_interest,establishment",14.0961608,-87.21618319999999
INSTITUTO SANTA MONICA,ChIJd5wOsDujb48RZAfV6GcNtTo,OPERATIONAL,"school,point_of_interest,establishment",14.0987963,-87.16904099999999
"Jardín, Escuela e Instituto ""Senderos de Luz"" teléfono whatsapp 3150-4511",ChIJbzAXmjijb48Rbf7JWE-TtK0,OPERATIONAL,"school,park,point_of_interest,establishment",14.0989698,-87.1627569
infantil Colonia San Miguel Park,ChIJFfwyL7yjb48R3wv6ckmVF1g,OPERATIONAL,"park,point_of_interest,establishment",14.0979097,-87.16321260000001
CEPB Jardín de Sueños,ChIJ8znPSEqZb48RCeAFff2mWxc,OPERATIONAL,"point_of_interest,establishment",14.1003149,-87.2491793
"Jardín de Niños, Rafael Pineda Ponce",ChIJAQAwyCOjb48RhyZBBL6zcy4,OPERATIONAL,"school,point_of_interest,establishment",14.1033797,-87.1759786
Instituto Jarimer,ChIJWVv6A0Sjb48Rnptv-IsHxcY,OPERATIONAL,"school,point_of_interest,establishment",14.1016285,-87.1561593
Kinder Marcelino Pineda,ChIJ_4bgX-Ojb48RkppiSA77xVs,OPERATIONAL,"school,point_of_interest,establishment",14.1078172,-87.1723627
Jardin de Niños Unión y Esfuerzos,ChIJQ3PNv9ijb48RfIlWjDuoY34,OPERATIONAL,"school,point_of_interest,establishment",14.11485,-87.1837235
